"Project ID","Project Name","Address","Street Number","Street Name","Map-Lot","Status","Year Complete","Latitude","Longitude","Coordinates"
"821","Healthpeak PUD","","",""," 267.4-254","Permitting","","42.3931","-71.1499","42 3931   "
"792","Alewife Park - Building 5","4 Alewife Park","4","Alewife Park"," 269-135","Building Permit Granted","","42.3981","-71.1374","42 3980706501372   "
"749","Jefferson Park Federal Revitalization","1 Jackson Place","1","Jackson Place"," 268A-51","Building Permit Granted","","42.3922","-71.135","42 392173   "
"821","Healthpeak PUD","","",""," 267F-391","Permitting","","42.3931","-71.1499","42 3931   "
"829","11 Ivy St","11 Ivy St","11","Ivy St","262-24","Building Permit Granted","","42.3859","-71.1338","42 3859   "
"616","First Street PUD - Parcel A","85-139 First Street","85-139","First Street"," 10-34","Withdrawn","","42.3672","-71.0779","42 3671597964   "
"821","Healthpeak PUD","","",""," 267.3-228","Permitting","","42.3931","-71.1499","42 3931   "
"847","15 Fairmont St","15 Fairmont Street","15","Fairmont Street","104-14","Building Permit Granted","","42.3614","-71.11","42 3614   "
"821","Healthpeak PUD","","",""," 267.3-277","Permitting","","42.3931","-71.1499","42 3931   "
"761","150 Cambridgepark Drive","150 Cambridgepark Drive","150","Cambridgepark Drive","267.4-319","Building Permit Granted","","42.3944","-71.1461","42 394396   "
"849","723-731 Cambridge Street","723-731 Cambridge Street","723-731","Cambridge Street"," 36-243","Zoning Permit Granted or As of Right","","42.3724","-71.0888","42 3724   "
"803","Kendall Common - Building C1","25 Broadway","25","Broadway","44-71","Zoning Permit Granted or As of Right","","42.3636","-71.0853","42 3635668752086   "
"691","MXD Infill - 119-123 Broadway","119-123 Broadway","119-123","Broadway","43-83","Building Permit Granted","","42.3646","-71.0882","42 364587   "
"788","4 Mellen Street/1627 Massachusetts Ave","4 Mellen Street","4","Mellen Street","157-1","Building Permit Granted","","42.3812","-71.1194","42 3811720155988   "
"796","235 Third Street","235 Third Street","235","Third Street","27-34","Zoning Permit Granted or As of Right","","42.3673","-71.0817","42 3672945137093   "
"805","35 Cherry Street","35 Cherry Street","35","Cherry Street","75-118","Building Permit Granted","","42.3641","-71.0977","42 364145592668   "
"796","235 Third Street","235 Third Street","235","Third Street"," 27-35","Zoning Permit Granted or As of Right","","42.3673","-71.0817","42 3672945137093   "
"742","600 Massachusetts Avenue","600 Massachusetts Avenue","600","Massachusetts Avenue","106-124","Withdrawn","","42.3648","-71.1033","42 3647909999999   "
"757","160-180 Fawcett Street","160-180 Fawcett Street","160-180","Fawcett Street","267.4-295","Withdrawn","","42.3944","-71.15","42 3943799999999   "
"821","Healthpeak PUD","","",""," 267.4-321","Permitting","","42.3931","-71.1499","42 3931   "
"821","Healthpeak PUD","","",""," 267D-325","Permitting","","42.3931","-71.1499","42 3931   "
"659","Somerbridge Hotel","263 Msgr. O'Brien Highway","263","Msgr. O'Brien Highway","7-35","Zoning Permit Granted or As of Right","","42.3738","-71.0815","42 373752   "
"225","195 First Street","195 First Street","195","First Street","","Withdrawn","","42.3647","-71.0785","42 3647310436493   "
"841","5 Craigie Circle","5 Craigie Circle","5","Craigie Circle","224-42","Building Permit Granted","","42.3793","-71.1274","42 3793   "
"616","First Street PUD - Parcel A","85-139 First Street","85-139","First Street"," 18-65","Withdrawn","","42.3672","-71.0779","42 3671597964   "
"826","MXD Infill - 105 Broadway (Building E)","105 Broadway","105","Broadway","43-82","Approved PUD/Master Plan Development Remaining","","42.3644","-71.0875","42 3644   "
"711","74 Oxford Street","74 Oxford Street","74","Oxford Street","150-125","Withdrawn","","42.3817","-71.1161","42 3817499999999   "
"236","Cambridge Research Park - 320-330 Third Street","320-330 Third Street","320-330","Third Street","14-64","Building Permit Granted","","42.3641","-71.0827","42 3641474380998   "
"808","28-30 Wendell Street","28-30 Wendell Street","28-30","Wendell Street"," 156-33","Zoning Permit Granted or As of Right","","42.3814","-71.1172","42 3814   "
"821","Healthpeak PUD","","",""," 267F-295","Permitting","","42.3931","-71.1499","42 3931   "
"821","Healthpeak PUD","","",""," 267.3-276","Permitting","","42.3931","-71.1499","42 3931   "
"783","Cambridgeside Redevelopment - Core Mall Retail Space","100 Cambridgeside Place","100","Cambridgeside Place","8-89","Building Permit Granted","","42.368","-71.0764","42 368028   "
"741","Kendall Common - Development Remaining","","",""," 44-71","Approved PUD/Master Plan Development Remaining","","42.3645","-71.0856","42 364513   "
"830","847 Massachusetts Avenue","847 Massachusetts Ave","847","Massachusetts Ave","118-1","Building Permit Granted","","42.3675","-71.1067","42 3675   "
"616","First Street PUD - Parcel A","85-139 First Street","85-139","First Street"," 10-35","Withdrawn","","42.3672","-71.0779","42 3671597964   "
"821","Healthpeak PUD","","",""," 267.4-295","Permitting","","42.3931","-71.1499","42 3931   "
"821","Healthpeak PUD","","",""," 267.3-279","Permitting","","42.3931","-71.1499","42 3931   "
"823","12-14 Laurel Street","12-14 Laurel Street","12-14","Laurel Street","127-96","Pre-Permitting","","42.3628","-71.1108","42 36280666   "
"769","Cambridge Crossing (North Point) - Building Q2","121 Morgan Avenue","121","Morgan Avenue","1A-193","Building Permit Granted","","42.3726","-71.0774","42 3725836538105   "
"846","15 Forest St","15 Forest Street","15","Forest Street","153-38","Building Permit Granted","","42.3854","-71.1172","42 3854   "
"800","815 Somerville Avenue","815 Somerville Avenue","815","Somerville Avenue","152-52","Zoning Permit Granted or As of Right","","42.3883","-71.1181","42 3882778729996   "
"821","Healthpeak PUD","","",""," 267.3-280","Permitting","","42.3931","-71.1499","42 3931   "
"810","Corcoran Park Redevelopment Phase I","8-12 May St","8-12","May St","256-106","Zoning Permit Granted or As of Right","","42.3767","-71.1538","42 3767   "
"821","Healthpeak PUD","","",""," 267F-279","Permitting","","42.3931","-71.1499","42 3931   "
"808","28-30 Wendell Street","28-30 Wendell Street","28-30","Wendell Street","156-83","Zoning Permit Granted or As of Right","","42.3814","-71.1172","42 3814   "
"818","350 Massachusetts Ave","350 Massachusetts Ave","350","Massachusetts Ave","69-159","Zoning Permit Granted or As of Right","","42.3625","-71.0996","42 36247625   "
"750","Walden Square Apartments II","102 Sherman Street","102","Sherman Street","203B-66","Zoning Permit Granted or As of Right","","42.3892","-71.1306","42 38915   "
"793","Alewife Park - Parking Garage","6 Alewife Park","6","Alewife Park","269-131","Building Permit Granted","","42.3976","-71.1385","42 3976383554105   "
"745","2072 Massachusetts Avenue","2072 Massachusetts Avenue","2072","Massachusetts Avenue","200-22","Withdrawn","","42.391","-71.1233","42 39101   "
"749","Jefferson Park Federal Revitalization","1 Jackson Place","1","Jackson Place"," 268A-43","Building Permit Granted","","42.3922","-71.135","42 392173   "
"825","322 Prospect St","322 Prospect Street","322","Prospect Street","84-56","Zoning Permit Granted or As of Right","","42.373","-71.0982","42 373   "
"616","First Street PUD - Parcel A","85-139 First Street","85-139","First Street"," 10-39","Withdrawn","","42.3672","-71.0779","42 3671597964   "
"844","96 Jackson St","96 Jackson Street","96","Jackson Street","190-45","Building Permit Granted","","42.3961","-71.1356","42 3961   "
"729","Gaslight Building","711-727 Massachusetts Avenue","711-727","Massachusetts Avenue","107-8","Building Permit Granted","","42.3663","-71.1047","42 3662899999999   "
"739","Rindge Commons Phase 2","430 Rindge Avenue","430","Rindge Avenue","268B-45","Zoning Permit Granted or As of Right","","42.3926","-71.1403","42 3925610132026   "
"777","15 and 45 Wilson Road","40 Smith Place","40","Smith Place"," 267.4-312","Withdrawn","","42.3919","-71.1505","42 391905511732   "
"848","70 Walden Street","70 Walden Street","70","Walden Street","201-33","Building Permit Granted","","42.3886","-71.1249","42 3886   "
"749","Jefferson Park Federal Revitalization","1 Jackson Place","1","Jackson Place"," 268A-50","Building Permit Granted","","42.3922","-71.135","42 392173   "
"821","Healthpeak PUD","","",""," 267F-296","Permitting","","42.3931","-71.1499","42 3931   "
"821","Healthpeak PUD","","",""," 267D-293","Permitting","","42.3931","-71.1499","42 3931   "
"809","Cambridge Fire Department Headquarters","491 Broadway","491","Broadway","137-1","Building Permit Granted","","42.3753","-71.1148","42 3753   "
"816","Frost Terrace II","28 Roseland St","28","Roseland St","153-3","Pre-Permitting","","42.3865","-71.1179","42 38653251   "
"835","16-28 Porter St","16-28 Porter St","16-28","Porter St","36-272","Pre-Permitting","","42.3734","-71.0887","42 3734   "
"821","Healthpeak PUD","","",""," 267D-258","Permitting","","42.3931","-71.1499","42 3931   "
"807","37 Brookline Street","37 Brookline Street","37","Brookline Street","93-115","Zoning Permit Granted or As of Right","","42.3628","-71.1027","42 3628   "
"821","Healthpeak PUD","","",""," 267E-242","Permitting","","42.3931","-71.1499","42 3931   "
"822","Broadway Park","240 Broadway","240","Broadway","76-49","Zoning Permit Granted or As of Right","","42.3669","-71.0953","42 36686423   "
"821","Healthpeak PUD","","",""," 267D-256","Permitting","","42.3931","-71.1499","42 3931   "
"821","Healthpeak PUD","","",""," 267F-291","Permitting","","42.3931","-71.1499","42 3931   "
"823","12-14 Laurel Street","12-14 Laurel Street","12-14","Laurel Street"," 127-97","Pre-Permitting","","42.3628","-71.1108","42 36280666   "
"828","309 Broadway","309 Broadway","309","Broadway","87-136","Building Permit Granted","","42.3693","-71.1001","42 3693   "
"840","34 Wendell St","34 Wendell Street","34","Wendell Street","156-36","Building Permit Granted","","42.3814","-71.1169","42 3814   "
"741","Kendall Common - Development Remaining","","",""," 29-48","Approved PUD/Master Plan Development Remaining","","42.3645","-71.0856","42 364513   "
"760","49 Sixth Street","49 Sixth Street","49","Sixth Street","34-111","Building Permit Granted","","42.3706","-71.0856","42 37057   "
"831","9 Wyman Rd","9 Wyman Rd","9","Wyman Rd","231-37","Zoning Permit Granted or As of Right","","42.3812","-71.1332","42 3812   "
"832","1740 Massachusetts Ave","1740 Massachusetts Ave","1740","Massachusetts Ave","175-37","Zoning Permit Granted or As of Right","","42.3846","-71.1198","42 3846   "
"741","Kendall Common - Development Remaining","","",""," 28-39","Approved PUD/Master Plan Development Remaining","","42.3645","-71.0856","42 364513   "
"811","2072 Massachusetts Avenue","2072 Massachusetts Avenue","2072","Massachusetts Avenue","200-22","Zoning Permit Granted or As of Right","","42.391","-71.1233","42 391   "
"833","49 Sheridan St","49 Sheridan St","49","Sheridan St","203B-69","Zoning Permit Granted or As of Right","","42.3882","-71.1306","42 3882   "
"804","8 Winter Street","8 Winter Street","8","Winter Street","21-121","Zoning Permit Granted or As of Right","","42.3723","-71.0798","42 3723217244573   "
"821","Healthpeak PUD","","",""," 267.3-278","Permitting","","42.3931","-71.1499","42 3931   "
"44","274-290 River Street","274-290 River Street","274-290","River Street","127-132","Withdrawn","","42.3624","-71.1128","42 3624067419062   "
"793","Alewife Park - Parking Garage","6 Alewife Park","6","Alewife Park"," 269-135","Building Permit Granted","","42.3976","-71.1385","42 3976383554105   "
"730","16-18A Forest Street","16-18A Forest Street","16-18A","Forest Street","154-91","Withdrawn","","42.385","-71.1169","42 3850139999999   "
"817","71 Cherry Street","71 Cherry Street","71","Cherry Street","75-172","Pre-Permitting","","42.3647","-71.0977","42 36471659   "
"741","Kendall Common - Development Remaining","","","","29-39","Approved PUD/Master Plan Development Remaining","","42.3645","-71.0856","42 364513   "
"724","544-550 Massachusetts Avenue","544-550 Massachusetts Avenue","544-550","Massachusetts Avenue","93-74","Zoning Permit Granted or As of Right","","42.3643","-71.1024","42 3643399999999   "
"616","First Street PUD - Parcel A","85-139 First Street","85-139","First Street","10-21","Withdrawn","","42.3672","-71.0779","42 3671597964   "
"755","The Garage/36 JFK Street/33 Dunster Street","83-91 Mount Auburn Street","83-91","Mount Auburn Street","160-11","Zoning Permit Granted or As of Right","","42.3727","-71.1199","42 37274   "
"821","Healthpeak PUD","","",""," 267.4-247","Permitting","","42.3931","-71.1499","42 3931   "
"775","Cambridgeside Redevelopment - 150 Cambridgeside Place","150 Cambridgeside Place","150","Cambridgeside Place","8-91","Zoning Permit Granted or As of Right","","42.3675","-71.0772","42 3674805965226   "
"42","Cambridge Crossing (North Point) - Remaining Master Plan","","","","1A-206","Approved PUD/Master Plan Development Remaining","","42.3722","-71.0732","42 3721674932998   "
"777","15 and 45 Wilson Road","40 Smith Place","40","Smith Place","267.4-311","Withdrawn","","42.3919","-71.1505","42 391905511732   "
"837","350 Rindge Ave","336-350 Rindge Avenue","336-350","Rindge Avenue","268B-49","Pre-Permitting","","42.3937","-71.1379","42 3937   "
"819","Harvard - Pritzker Hall","1807 Cambridge Street","1807","Cambridge Street","143-17","Building Permit Granted","","42.3761","-71.1154","42 37607127   "
"821","Healthpeak PUD","","",""," 267F-281","Permitting","","42.3931","-71.1499","42 3931   "
"749","Jefferson Park Federal Revitalization","1 Jackson Place","1","Jackson Place"," 268A-49","Building Permit Granted","","42.3922","-71.135","42 392173   "
"616","First Street PUD - Parcel A","85-139 First Street","85-139","First Street"," 10-38","Withdrawn","","42.3672","-71.0779","42 3671597964   "
"791","Alewife Park - Building 4","2 Alewife Park","2","Alewife Park","269-131","Building Permit Granted","","42.3984","-71.137","42 398408491842   "
"759","MXD Infill - 250 Binney Street (Building D)","250 Binney Street","250","Binney Street","30-35","Zoning Permit Granted or As of Right","","42.3656","-71.0867","42 365631   "
"821","Healthpeak PUD","","",""," 267F-301","Permitting","","42.3931","-71.1499","42 3931   "
"821","Healthpeak PUD","","",""," 267E-294","Permitting","","42.3931","-71.1499","42 3931   "
"821","Healthpeak PUD","","",""," 267.4-284","Permitting","","42.3931","-71.1499","42 3931   "
"780","125 Cambridgepark Drive","125 Cambridgepark Drive","125","Cambridgepark Drive","267.4-288","Building Permit Granted","","42.3955","-71.1459","42 3954657937906   "
"236","Cambridge Research Park - 320-330 Third Street","320-330 Third Street","320-330","Third Street"," 14-49","Building Permit Granted","","42.3641","-71.0827","42 3641474380998   "
"361","34-36 Hampshire Street","34-36 Hampshire Street","34-36","Hampshire Street","42-6","Expired","","42.3662","-71.092","42 3662298416   "
"821","Healthpeak PUD","","",""," 267.4-210","Permitting","","42.3931","-71.1499","42 3931   "
"821","Healthpeak PUD","","",""," 267C-91","Permitting","","42.3931","-71.1499","42 3931   "
"741","Kendall Common - Development Remaining","","",""," 29-45","Approved PUD/Master Plan Development Remaining","","42.3645","-71.0856","42 364513   "
"824","54 Hayes St","54 Hayes Street","54","Hayes Street","122-100","Building Permit Granted","","42.3664","-71.1114","42 3664   "
"802","87-101 Blanchard Road","99 Blanchard Road","99","Blanchard Road","267.3-28","Building Permit Granted","","42.3942","-71.158","42 3942294532069   "
"814","1826 and 1840 Massachusetts Ave","1826 and 1840 Massachusetts Ave","1826 and 1840","Massachusetts Ave","177-71","Pre-Permitting","","42.3871","-71.1195","42 38710132   "
"677","MIT Kendall Square - Building 2","200 Main Street","200","Main Street","47-85","Building Permit Granted","","42.3618","-71.084","42 3618239999999   "
"779","First Street PUD - Parcel E","75 First Street","75","First Street"," 18-65","Zoning Permit Granted or As of Right","","42.3684","-71.0777","42 3684364646963   "
"789","6 Brookline Street","6 Brookline Street","6","Brookline Street","92-88","Pre-Permitting","","42.3636","-71.1015","42 363625954611   "
"791","Alewife Park - Building 4","2 Alewife Park","2","Alewife Park"," 269-135","Building Permit Granted","","42.3984","-71.137","42 398408491842   "
"623","1718-1720 Massachusetts Avenue","1718-1720 Massachusetts Avenue","1718-1720","Massachusetts Avenue","","Withdrawn","","42.3839","-71.1201","42 3838606703   "
"821","Healthpeak PUD","","",""," 267D-285","Permitting","","42.3931","-71.1499","42 3931   "
"411","307 Fresh Pond Parkway","307 Fresh Pond Parkway","307","Fresh Pond Parkway","260-76","Withdrawn","","42.3846","-71.1412","42 3846206256429   "
"653","MXD Infill - 250 Binney Street","250 Binney Street","250","Binney Street","30-35","Withdrawn","","42.3659","-71.0864","42 3659159999999   "
"620","16-18 Eliot Street","16-18 Eliot Street","16-18","Eliot Street","162-26","Expired","","42.3721","-71.1214","42 3721219999999   "
"709","Alexandria PUD - 161 First Street","161 First Street","161","First Street","16-35","Building Permit Granted","","42.3656","-71.0787","42 3655945802998   "
"799","Kendall Common - Building C3","75 Broadway","75","Broadway","29-39","Building Permit Granted","","42.3641","-71.0867","42 3641044812229   "
"784","48-50 Bishop Allen Drive","48-50 Bishop Allen Drive","48-50","Bishop Allen Drive","91-80","Withdrawn","","42.3645","-71.1003","42 3645127310714   "
"821","Healthpeak PUD","","","","267F-293","Permitting","","42.3931","-71.1499","42 3931   "
"616","First Street PUD - Parcel A","85-139 First Street","85-139","First Street"," 10-33","Withdrawn","","42.3672","-71.0779","42 3671597964   "
"821","Healthpeak PUD","","",""," 267F-283","Permitting","","42.3931","-71.1499","42 3931   "
"837","350 Rindge Ave","336-350 Rindge Avenue","336-350","Rindge Avenue"," 268B-51","Pre-Permitting","","42.3937","-71.1379","42 3937   "
"801","2400 Massachusetts Avenue","2400 Massachusetts Avenue","2400","Massachusetts Avenue","191-112","Zoning Permit Granted or As of Right","","42.3971","-71.1303","42 397114634758   "
"602","The Galleria Residential","57 JFK Street","57","JFK Street","162-54","Zoning Permit Granted or As of Right","","42.3722","-71.1208","42 3722169999999   "
"849","723-731 Cambridge Street","723-731 Cambridge Street","723-731","Cambridge Street","36-249","Zoning Permit Granted or As of Right","","42.3724","-71.0888","42 3724   "
"821","Healthpeak PUD","","",""," 267.3-226","Permitting","","42.3931","-71.1499","42 3931   "
"749","Jefferson Park Federal Revitalization","1 Jackson Place","1","Jackson Place"," 268A-48","Building Permit Granted","","42.3922","-71.135","42 392173   "
"795","2161 Massachusetts Avenue","2161 Massachusetts Avenue","2161","Massachusetts Avenue","181-65","Building Permit Granted","","42.3928","-71.1244","42 3927663240794   "
"777","15 and 45 Wilson Road","40 Smith Place","40","Smith Place"," 267E-291","Withdrawn","","42.3919","-71.1505","42 391905511732   "
"770","Cambridge Crossing (North Point) - Building R","221 Morgan Avenue","221","Morgan Avenue","1A-194","Zoning Permit Granted or As of Right","","42.3716","-71.0759","42 3716299315963   "
"821","Healthpeak PUD","","",""," 267.3-268","Permitting","","42.3931","-71.1499","42 3931   "
"812","745 Concord Avenue","745 Concord Avenue","745","Concord Avenue","267D-300","Zoning Permit Granted or As of Right","","42.3907","-71.1535","42 3907   "
"774","Cambridgeside Redevelopment - 80 First Street","80 First Street","80","First Street","8-91","Zoning Permit Granted or As of Right","","42.3684","-71.0773","42 3683648768787   "
"683","MIT Kendall Square - Building 6","380 Main Street","380","Main Street","48-129","Design Review","","42.3623","-71.0876","42 362329   "
"361","34-36 Hampshire Street","34-36 Hampshire Street","34-36","Hampshire Street"," 42-7","Expired","","42.3662","-71.092","42 3662298416   "
"741","Kendall Common - Development Remaining","","",""," 29-49","Approved PUD/Master Plan Development Remaining","","42.3645","-71.0856","42 364513   "
"845","307 Columbia St","307-309 Columbia Street","307-309","Columbia Street","79-15","Building Permit Granted","","42.3707","-71.096","42 3707   "
"733","6 Sacramento Street","6 Sacramento Street","6","Sacramento Street","153-63","Withdrawn","","42.3824","-71.1191","42 3823999999999   "
"814","1826 and 1840 Massachusetts Ave","1826 and 1840 Massachusetts Ave","1826 and 1840","Massachusetts Ave"," 177-79","Pre-Permitting","","42.3871","-71.1195","42 38710132   "
"821","Healthpeak PUD","","",""," 267E-17","Permitting","","42.3931","-71.1499","42 3931   "
"636","135 Fulkerson Street","135 Fulkerson Street","135","Fulkerson Street","32-52","Withdrawn","","42.3689","-71.088","42 368862   "
"821","Healthpeak PUD","","",""," 267D-313","Permitting","","42.3931","-71.1499","42 3931   "
"749","Jefferson Park Federal Revitalization","1 Jackson Place","1","Jackson Place","268A-52","Building Permit Granted","","42.3922","-71.135","42 392173   "
"236","Cambridge Research Park - 320-330 Third Street","320-330 Third Street","320-330","Third Street"," 14-39","Building Permit Granted","","42.3641","-71.0827","42 3641474380998   "
"779","First Street PUD - Parcel E","75 First Street","75","First Street","18-64","Zoning Permit Granted or As of Right","","42.3684","-71.0777","42 3684364646963   "
"821","Healthpeak PUD","","",""," 267D-311","Permitting","","42.3931","-71.1499","42 3931   "
"748","52 New Street","52 New Street","52","New Street","273-47","Building Permit Granted","","42.388","-71.1399","42 38796   "
"738","17-19A Forest Street","17-19A Forest Street","17-19A","Forest Street","153-71","Withdrawn","","42.3855","-71.1168","42 385458   "
"792","Alewife Park - Building 5","4 Alewife Park","4","Alewife Park","269-131","Building Permit Granted","","42.3981","-71.1374","42 3980706501372   "
"797","851 Cambridge Street","851 Cambridge Street","851","Cambridge Street","36-217","Permit Revoked","","42.3727","-71.091","42 3726991301163   "
"616","First Street PUD - Parcel A","85-139 First Street","85-139","First Street"," 10-37","Withdrawn","","42.3672","-71.0779","42 3671597964   "
"821","Healthpeak PUD","","",""," 267.4-209","Permitting","","42.3931","-71.1499","42 3931   "
"821","Healthpeak PUD","","",""," 267C-95","Permitting","","42.3931","-71.1499","42 3931   "
"714","Cambridgeside Redevelopment - Core Mall Office Space Conversion","100 Cambridgeside Place","100","Cambridgeside Place","8-89","Complete","","42.368","-71.0764","42 368028   "
"821","Healthpeak PUD","","",""," 267F-274","Permitting","","42.3931","-71.1499","42 3931   "
"321","Elm Place","1066 Cambridge Street","1066","Cambridge Street","80-128","Complete","2011","42.3729","-71.0953","42 37292557   "
"300","Harvard Law School Expansion","1585 Massachusetts Avenue","1585","Massachusetts Avenue","157-69","Complete","2011","42.3791","-71.1197","42 37912156   "
"354","Jackson Gardens Renovation","259 Harvard Street","259","Harvard Street","108-84","Complete","2011","42.3685","-71.1019","42 3684685050001   "
"353","126 Charles Street","126 Charles Street","126","Charles Street","27-25","Complete","2011","42.3676","-71.0821","42 3675555149999   "
"318","MIT Cancer Research Center","500 Main Street","500","Main Street","52A-22","Complete","2011","42.3625","-71.089","42 3624833789999   "
"359","Discovery Park - 200 Discovery Park/Forrester Building","60 Acorn Park Drive","60","Acorn Park Drive","267.2-230","Complete","2011","42.3983","-71.1487","42 3982606060001   "
"380","Discovery Park - Discovery Park Garage A","90 Acorn Park Drive","90","Acorn Park Drive","267.1-272","Complete","2011","42.3975","-71.1481","42 3974596159999   "
"342","Phase 1A","45-47 Yerxa Road","45-47","Yerxa Road","195-169","Complete","2012","42.3917","-71.1293","42 3916984900001   "
"391","42-54 Bay State Road","42-54 Bay State Road","42-54","Bay State Road"," 261-200","Complete","2012","42.3872","-71.1395","42 387230771   "
"391","42-54 Bay State Road","42-54 Bay State Road","42-54","Bay State Road","261-199","Complete","2012","42.3872","-71.1395","42 387230771   "
"341","625 Putnam Avenue","625 Putnam Avenue","625","Putnam Avenue","66-124","Complete","2012","42.3563","-71.1063","42 3562787810001   "
"662","51-63 Loomis Street","51-63 Loomis Street","51-63","Loomis Street","267C-92","Complete","2012","42.3939","-71.1535","42 3938509999999   "
"311","424-430 Windsor Street","424-430 Windsor Street","424-430","Windsor Street","80-178","Complete","2012","42.3714","-71.0937","42 3713550370001   "
"351","1063-1077 Massachusetts Avenue","1063-1077 Massachusetts Avenue","1063-1077","Massachusetts Avenue","134-50","Complete","2012","42.3704","-71.1131","42 3703541869999   "
"362","119-135 Harvey Street","119-135 Harvey Street","119-135","Harvey Street"," 190-279","Complete","2013","42.3977","-71.1339","42 397724306   "
"362","119-135 Harvey Street","119-135 Harvey Street","119-135","Harvey Street"," 190-278","Complete","2013","42.3977","-71.1339","42 397724306   "
"347","Lincoln Way Apartments Replacement","181 Walden Street","181","Walden Street","204-147","Complete","2013","42.3875","-71.1287","42 3874714749998   "
"387","22, 27 Cottage Park Avenue","22, 27 Cottage Park Avenue","22, 27","Cottage Park Avenue","189-102","Complete","2013","42.3986","-71.1332","42 3986372147   "
"362","119-135 Harvey Street","119-135 Harvey Street","119-135","Harvey Street"," 190-273","Complete","2013","42.3977","-71.1339","42 397724306   "
"374","Alexandria PUD - 225 Binney Street","225 Binney Street","225","Binney Street","28-23","Complete","2013","42.3663","-71.0856","42 366282445   "
"363","Multiservice Center","5 Western Avenue","5","Western Avenue","105-61","Complete","2013","42.3653","-71.1055","42 365315815   "
"362","119-135 Harvey Street","119-135 Harvey Street","119-135","Harvey Street"," 190-282","Complete","2013","42.3977","-71.1339","42 397724306   "
"232","Cambridge Research Park - Watermark 2","250 Kendall Street","250","Kendall Street","14-1038","Complete","2013","42.3636","-71.0823","42 363567138   "
"362","119-135 Harvey Street","119-135 Harvey Street","119-135","Harvey Street"," 190-274","Complete","2013","42.3977","-71.1339","42 397724306   "
"362","119-135 Harvey Street","119-135 Harvey Street","119-135","Harvey Street","190-270","Complete","2013","42.3977","-71.1339","42 397724306   "
"357","61-69 Bolton Street","61-69 Bolton Street","61-69","Bolton Street","203A-69","Complete","2013","42.3904","-71.1324","42 3904014749998   "
"362","119-135 Harvey Street","119-135 Harvey Street","119-135","Harvey Street"," 190-275","Complete","2013","42.3977","-71.1339","42 397724306   "
"362","119-135 Harvey Street","119-135 Harvey Street","119-135","Harvey Street"," 190-281","Complete","2013","42.3977","-71.1339","42 397724306   "
"251","St. John's Resident Phase 1B/The Wyeth","120 Rindge Avenue","120","Rindge Avenue","195-169","Complete","2013","42.3927","-71.1299","42 392653559   "
"376","First Street PUD - 150 Second Street","150 Second Street","150","Second Street","10-16","Complete","2013","42.367","-71.0792","42 3669884019998   "
"340","aka 2419 Massachusetts Avenue","7 Cameron Avenue","7","Cameron Avenue","184-106","Complete","2013","42.3979","-71.1302","42 3978765319998   "
"362","119-135 Harvey Street","119-135 Harvey Street","119-135","Harvey Street"," 190-271","Complete","2013","42.3977","-71.1339","42 397724306   "
"362","119-135 Harvey Street","119-135 Harvey Street","119-135","Harvey Street"," 190-276","Complete","2013","42.3977","-71.1339","42 397724306   "
"386","100 Pacific Street","100 Pacific Street","100","Pacific Street","95-58","Complete","2013","42.3607","-71.1035","42 360746714   "
"362","119-135 Harvey Street","119-135 Harvey Street","119-135","Harvey Street"," 190-280","Complete","2013","42.3977","-71.1339","42 397724306   "
"375","300 Binney Street/Biogen","17 Cambridge Center","17","Cambridge Center","30-41","Complete","2013","42.366","-71.088","42 3660086155   "
"362","119-135 Harvey Street","119-135 Harvey Street","119-135","Harvey Street"," 190-277","Complete","2013","42.3977","-71.1339","42 397724306   "
"366","Holmes Building","622-38 Massachusetts Avenue","622-38","Massachusetts Avenue","106-105","Complete","2013","42.3651","-71.1035","42 365066722   "
"362","119-135 Harvey Street","119-135 Harvey Street","119-135","Harvey Street"," 190-272","Complete","2013","42.3977","-71.1339","42 397724306   "
"317","355 Fresh Pond Parkway","355 Fresh Pond Parkway","355","Fresh Pond Parkway","260-46","Complete","2014","42.3861","-71.1409","42 386107635   "
"615","Vox on 2","223 Concord Turnpike","223","Concord Turnpike","267.1-276","Complete","2014","42.4","-71.1506","42 400003863   "
"274","Broad Institute Expansion","75 Ames Street","75","Ames Street","43-76","Complete","2014","42.3635","-71.088","42 3634729027   "
"406","18 White Street","18 White Street","18","White Street","152-7","Complete","2014","42.3889","-71.1183","42 3888947005   "
"327","Windsor at Cambridge Park","160-180 Cambridgepark Drive","160-180","Cambridgepark Drive","267.4-316","Complete","2014","42.395","-71.1475","42 3950042   "
"389","Avalon Bay North Point - Avalon North Point Lofts","10 Glassworks Avenue","10","Glassworks Avenue","1A-82","Complete","2014","42.3703","-71.0729","42 3702704199998   "
"614","Atmark","80-90 Fawcett Street","80-90","Fawcett Street","267F-392","Complete","2014","42.3912","-71.1459","42 3912099659998   "
"397","Harvard Fogg Museum Addition","32 Quincy Street","32","Quincy Street","136-2","Complete","2014","42.3742","-71.1144","42 3741868979998   "
"331","Pfizer Phase 1/South Building","610 Main Street","610","Main Street","71-56","Complete","2014","42.3618","-71.0944","42 3618402207998   "
"358","40 Norris Street","40 Norris Street","40","Norris Street","192-151","Complete","2014","42.3951","-71.1297","42 395095963   "
"365","EF Building 2 - Offices & Hult Business School","8 Education Street","8","Education Street","1A-172","Complete","2014","42.3696","-71.069","42 3696155885998   "
"316","Phase 2","124 Rindge Avenue","124","Rindge Avenue","195-169","Complete","2014","42.392","-71.13","42 391986686   "
"402","168-174 Hampshire Street","168-174 Hampshire Street","168-174","Hampshire Street","87-37","Complete","2014","42.372","-71.099","42 3720348797   "
"663","Basement Housing","19-21 Wendell Street","19-21","Wendell Street","156-66","Complete","2015","42.3819","-71.1178","42 381906   "
"325","YWCA Site","7 Temple Street","7","Temple Street","107-139","Complete","2015","42.3666","-71.1043","42 3665710542   "
"373","Alexandria PUD - Vivo Apartments","270 Third Street","270","Third Street","16-33","Complete","2015","42.3659","-71.0821","42 3659489241998   "
"604","Fairfield Inn","215 Msgr. O'Brien Highway","215","Msgr. O'Brien Highway","7-115","Complete","2015","42.3729","-71.0797","42 3729443633   "
"326","Conductor's Building","114 Mount Auburn Street","114","Mount Auburn Street","165-57","Complete","2015","42.373","-71.1224","42 3730377011998   "
"334","Zinc","22 Water Street","22","Water Street","7-113","Complete","2015","42.3729","-71.0785","42 3729031239998   "
"356","Lesley University Lunder Arts Center","1801 Massachusetts Avenue","1801","Massachusetts Avenue","153-85","Complete","2015","42.3866","-71.1187","42 386577908   "
"401","Martin Luther King, Jr. School","100 Putnam Avenue","100","Putnam Avenue","122-199","Complete","2015","42.367","-71.1133","42 367030192   "
"234","Cambridge Research Park - Lofts Building","450 Kendall Street","450","Kendall Street","14-43","Complete","2015","42.3634","-71.0815","42 3633954768   "
"619","140 Cambridgepark Drive","140 Cambridgepark Drive","140","Cambridgepark Drive","267.4-319","Complete","2015","42.3939","-71.1462","42 3938775462998   "
"628","Fuse Apartments Phase 1","165 Cambridgepark Drive","165","Cambridgepark Drive","267.4-176","Complete","2015","42.3954","-71.1474","42 3953600162   "
"367","Novartis Expansion","181 Massachusetts Avenue","181","Massachusetts Avenue","71-55","Complete","2015","42.361","-71.0959","42 3610031341998   "
"394","Cambridge Crossing (North Point) - Building N - Twenty/20","20 Child Street","20","Child Street","1A-174","Complete","2015","42.3716","-71.072","42 371614925   "
"385","Acorn Holdings Concord Ave. Phase I","603 Concord Avenue","603","Concord Avenue","267F-298","Complete","2015","42.389","-71.1445","42 3889607389   "
"629","Tyler Green Court Phase 1","35 Cottage Park Avenue","35","Cottage Park Avenue","189-104","Complete","2015","42.3984","-71.1335","42 3984010982999   "
"369","Alexandria PUD - 75/125 Binney Street","75/125 Binney Street","75/125","Binney Street","16-32","Complete","2015","42.3658","-71.0807","42 365799477   "
"312","First Street PUD - Axiom Cambridge","159 First Street","159","First Street","16-6","Complete","2015","42.3661","-71.0784","42 3661407135   "
"383","Discovery Park - 600 Discovery Park/AC Hotel by Marriott","10 Acorn Park Drive","10","Acorn Park Drive","267.2-264","Complete","2016","42.3987","-71.1471","42 3987162287   "
"410","University Park - University Park Addition","300 Massachusetts Avenue","300","Massachusetts Avenue"," 69-163","Complete","2016","42.3623","-71.0989","42 3622847493   "
"378","Pfizer Phase 2/North Building","610 Main Street","610","Main Street","71-56","Complete","2016","42.3627","-71.0942","42 3627081479   "
"410","University Park - University Park Addition","300 Massachusetts Avenue","300","Massachusetts Avenue"," 69-101","Complete","2016","42.3623","-71.0989","42 3622847493   "
"399","Chroma","240 Sidney Street","240","Sidney Street","66-152","Complete","2016","42.3568","-71.106","42 3568176774   "
"329","Kaya Hotel","1924 Massachusetts Avenue","1924","Massachusetts Avenue","178-21","Complete","2016","42.3894","-71.1202","42 3893555901998   "
"410","University Park - University Park Addition","300 Massachusetts Avenue","300","Massachusetts Avenue"," 69-102","Complete","2016","42.3623","-71.0989","42 3622847493   "
"409","Hathaway Lofts","15-33 Richdale Avenue","15-33","Richdale Avenue","178-122","Complete","2016","42.3885","-71.1223","42 3884694858   "
"392","131 Harvard Street","131 Harvard Street","131","Harvard Street","42-98","Complete","2016","42.3655","-71.0937","42 3654741102999   "
"410","University Park - University Park Addition","300 Massachusetts Avenue","300","Massachusetts Avenue"," 69-103","Complete","2016","42.3623","-71.0989","42 3622847493   "
"410","University Park - University Park Addition","300 Massachusetts Avenue","300","Massachusetts Avenue","69-149","Complete","2016","42.3623","-71.0989","42 3622847493   "
"410","University Park - University Park Addition","300 Massachusetts Avenue","300","Massachusetts Avenue"," 69-148","Complete","2016","42.3623","-71.0989","42 3622847493   "
"618","192 Raymond Street","192 Raymond Street","192","Raymond Street","203B-25","Complete","2016","42.389","-71.1286","42 3890463031998   "
"390","Fuse Apartments Phase 2","165 Cambridgepark Drive","165","Cambridgepark Drive","267.4-176","Complete","2016","42.3954","-71.1474","42 3953600162   "
"410","University Park - University Park Addition","300 Massachusetts Avenue","300","Massachusetts Avenue"," 69-109","Complete","2016","42.3623","-71.0989","42 3622847493   "
"400","Tyler Green Court Phase 2","35 Cottage Park Avenue","35","Cottage Park Avenue","189-104","Complete","2016","42.3984","-71.1335","42 3984010982999   "
"410","University Park - University Park Addition","300 Massachusetts Avenue","300","Massachusetts Avenue"," 69-100","Complete","2016","42.3623","-71.0989","42 3622847493   "
"654","Basement Housing","1-3 Langdon Street","1-3","Langdon Street","173-67","Complete","2016","42.3809","-71.1203","42 380915   "
"370","Alexandria PUD - 100 Binney Street","100 Binney Street","100","Binney Street","15-30","Complete","2017","42.3651","-71.0808","42 3651253725   "
"640","Parking Garage","88 Cambridgepark Drive","88","Cambridgepark Drive","265D-57","Complete","2017","42.3932","-71.1433","42 393208   "
"398","130 Cambridgepark Drive","130 Cambridgepark Drive","130","Cambridgepark Drive","267.4-320","Complete","2017","42.3937","-71.145","42 3936697908998   "
"606","Harvard JFK School Expansion","79 JFK Street","79","JFK Street","164-5","Complete","2017","42.371","-71.1217","42 3709835351998   "
"687","Auburn Court Addition","3 Brookline Place","3","Brookline Place","92-130","Complete","2017","42.3613","-71.1033","42 3612699999998   "
"360","Alexandria PUD - 50/60 Binney Street","50/60 Binney Street","50/60","Binney Street","15-28","Complete","2017","42.365","-71.0793","42 3649661923   "
"405","The Rand at Porter/Miso Block Redevelopment","1971 Massachusetts Avenue","1971","Massachusetts Avenue","179-51","Complete","2017","42.3901","-71.1205","42 390126234   "
"627","Jefferson Park State","1-6 Jefferson Park","1-6","Jefferson Park","268A-47","Complete","2018","42.3931","-71.1362","42 3930969   "
"706","MXD Infill - Proto Kendall Square","88 Ames Street","88","Ames Street","44-107","Complete","2018","42.3631","-71.0878","42 3631357717   "
"624","MIT Nano Building","5 Ames Street","5","Ames Street","52A-21","Complete","2018","42.361","-71.0928","42 3609935327   "
"644","Harvard Smith Campus Center","1336-1362 Massachusetts Avenue","1336-1362","Massachusetts Avenue","160-14","Complete","2018","42.373","-71.1185","42 3729711139   "
"605","Luxe at Alewife","80-84 Cambridgepark Drive","80-84","Cambridgepark Drive","265D-57","Complete","2018","42.3933","-71.1439","42 3933390102998   "
"295","Avalon Bay North Point - Ava North Point incl. 5 Glassworks Ave.","2 Leighton Street","2","Leighton Street","1A-87","Complete","2018","42.3704","-71.0745","42 3703935998   "
"627","Jefferson Park State","1-6 Jefferson Park","1-6","Jefferson Park"," 268A-32","Complete","2018","42.3931","-71.1362","42 3930969   "
"395","The Ivy Residence","262 Msgr. O'Brien Highway","262","Msgr. O'Brien Highway","22-128","Complete","2018","42.3734","-71.0819","42 3734405177998   "
"650","Mass & Main - 47 Bishop Allen Drive","47 Bishop Allen Drive","47","Bishop Allen Drive","30-35","Complete","2019","42.3647","-71.0999","42 3647459999998   "
"656","First Street PUD - Parcel A","121 First Street","121","First Street","10-39","Complete","2019","42.3668","-71.078","42 366802   "
"408","Ten Essex","6-10 Essex Street","6-10","Essex Street","90-178","Complete","2019","42.3655","-71.1025","42 3654694824   "
"698","Russell Apartments/North Cambridge Senior Center","2050 Massachusetts Avenue","2050","Massachusetts Avenue","200-90","Complete","2019","42.3909","-71.1229","42 390942   "
"671","Cambridge Crossing (North Point) - Building J/K","222 Jacobs Street","222","Jacobs Street","1A-190","Complete","2019","42.372","-71.0754","42 3720309393998   "
"656","First Street PUD - Parcel A","121 First Street","121","First Street"," 10-31","Complete","2019","42.3668","-71.078","42 366802   "
"670","MXD Infill - Akamai Building","145 Broadway","145","Broadway","43-78","Complete","2019","42.3648","-71.0888","42 3648343377   "
"381","Discovery Park - 400 Discovery Park","30 Acorn Park Drive","30","Acorn Park Drive","267.2-269","Complete","2019","42.3982","-71.1478","42 3981808077   "
"646","253 Walden Street","253 Walden Street","253","Walden Street","272-17","Complete","2019","42.3862","-71.1314","42 3862359999998   "
"404","Porter Loft","1868 Massachusetts Avenue","1868","Massachusetts Avenue","177-34","Complete","2019","42.3879","-71.1197","42 3878939399998   "
"667","St. Patricks Apartment Replacment","50 York Street","50","York Street","40-243","Complete","2019","42.3695","-71.092","42 3694856515   "
"686","MIT Kendall Square - NoMa Phase 4 Podium","165 Main Street","165","Main Street","14-59","Complete","2019","42.3625","-71.0828","42 3625129949   "
"656","First Street PUD - Parcel A","121 First Street","121","First Street"," 10-38","Complete","2019","42.3668","-71.078","42 366802   "
"651","Mass & Main - Phase 1/Market Central","425 Massachusetts Avenue","425","Massachusetts Avenue","91-207","Complete","2019","42.3637","-71.1003","42 3637459999999   "
"384","Discovery Park - Discovery Park Garage B","40 Acorn Park Drive","40","Acorn Park Drive","267.2-270","Complete","2019","42.3989","-71.1478","42 3989313956998   "
"716","Star Market Office Conversion","20 Sidney Street","20","Sidney Street","69-62","Complete","2019","42.3621","-71.1003","42 362101   "
"632","1699 Massachusetts Avenue","1699 Massachusetts Avenue","1699","Massachusetts Avenue","155-32","Complete","2019","42.3831","-71.1192","42 383105   "
"689","First Street PUD - Parcel D","85 First Street","85","First Street","18-65","Complete","2019","42.3682","-71.0777","42 3682069999998   "
"652","King Open School Complex","850 Cambridge Street","850","Cambridge Street","38-1","Complete","2019","42.372","-71.0911","42 372   "
"669","EF Building 3 including Student Housing","10 Education Circle","10","Education Circle","1A-196","Complete","2019","42.3709","-71.0707","42 3708953245999   "
"660","Tempo at Alewife Station Phase 1","201-203 Concord Turnpike","201-203","Concord Turnpike","267.1-281","Complete","2019","42.3996","-71.1491","42 399565   "
"700","Mass & Main - Link Cambridge","5 Columbia Street","5","Columbia Street","91-206","Complete","2019","42.3641","-71.0997","42 3640979999998   "
"637","35 Cambridgepark Drive","35 Cambridgepark Drive","35","Cambridgepark Drive","265D-53","Complete","2020","42.395","-71.1435","42 394959   "
"731","Tempo at Alewife Station Phases 3/4","201-203 Concord Turnpike","201-203","Concord Turnpike","267.1-281","Complete","2020","42.3996","-71.1491","42 399565   "
"633","907 Main Street","907 Main Street","907","Main Street","91-70","Complete","2020","42.3637","-71.0996","42 363657   "
"666","Finch Building","671-675 Concord Avenue","671-675","Concord Avenue","267E-293","Complete","2020","42.3903","-71.1502","42 3903269999999   "
"382","Discovery Park - 500 Discovery Park","20 Acorn Park Drive","20","Acorn Park Drive","267.2-269","Complete","2020","42.3983","-71.1471","42 3983003999   "
"655","MIT Kendall Square - SoMa Garage","25 Hayward Street","25","Hayward Street","48-159","Complete","2020","42.3623","-71.0859","42 362282088   "
"634","1 Kendall Square Addition","399 Binney Street","399","Binney Street","39-173","Complete","2020","42.3678","-71.0905","42 367769   "
"727","Mass & Main - Phase 2/Market Central","425 Massachusetts Avenue","425","Massachusetts Avenue","91-207","Complete","2020","42.3637","-71.1003","42 3637459999999   "
"681","MIT Kendall Square - Building 5","314 Main Street","314","Main Street","48-157","Complete","2020","42.3622","-71.0866","42 362222   "
"710","212 Hampshire Street","212 Hampshire Street","212","Hampshire Street","110-17","Complete","2020","42.3731","-71.1004","42 373133   "
"674","Cambridge Crossing (North Point) - Building W","100/110 North First Street","100/110","North First Street","1A-189","Complete","2020","42.372","-71.0755","42 3720009999999   "
"695","Squirrelwood Phase 1","265 Broadway","265","Broadway","76-116","Complete","2020","42.3681","-71.0966","42 3681229999999   "
"675","MIT Kendall Square - Building 4/45 Hayward St.","290-292 Main Street","290-292","Main Street","48-159","Complete","2020","42.3622","-71.0854","42 3622354995998   "
"635","Basement Housing","18-26 Chauncy Street","18-26","Chauncy Street","172-61","Complete","2020","42.3792","-71.1229","42 3791859999998   "
"648","300 Putnam Avenue","300 Putnam Avenue","300","Putnam Avenue","127-126","Complete","2020","42.362","-71.1133","42 361989   "
"726","Tempo at Alewife Station Phase 2","201-203 Concord Turnpike","201-203","Concord Turnpike","267.1-281","Complete","2020","42.3996","-71.1491","42 399565   "
"621","Lofts at Kendall Square","249 Third Street","249","Third Street","27-97","Complete","2020","42.3668","-71.0822","42 366835   "
"692","MIT Undergraduate Dormitory","189 Vassar Street","189","Vassar Street","55-27","Complete","2021","42.3591","-71.0976","42 359082   "
"679","MIT Kendall Square - 18 Hayward St/Building 3","238 Main Street","238","Main Street","47-92","Complete","2021","42.3621","-71.0847","42 362093   "
"617","Inman Crossing","305 Webster Avenue","305","Webster Avenue","81-20","Complete","2021","42.3735","-71.0944","42 3735365447   "
"407","75-77 New Street","75-77 New Street","75-77","New Street","264-106","Complete","2021","42.3891","-71.1402","42 3890557930998   "
"684","MIT Kendall Square - NoMa Existing Building Phases 1-3","1 Broadway","1","Broadway","14-58","Complete","2021","42.3625","-71.0828","42 3625129949   "
"740","Squirrelwood Phase 2","40-54 Market Street","40-54","Market Street","76-116","Complete","2021","42.3681","-71.0966","42 3681229999999   "
"371","Alexandria PUD - 50 Rogers Street","50 Rogers Street","50","Rogers Street","16-29","Complete","2021","42.3658","-71.0782","42 3658059999999   "
"697","Frost Terrace","1785-1791 Massachusetts Avenue","1785-1791","Massachusetts Avenue","153-88","Complete","2021","42.3862","-71.1188","42 3861879999999   "
"725","MIT Kendall Square - NoMA Phase 5","4 Broad Canal Way","4","Broad Canal Way","14-58","Complete","2021","42.3631","-71.0829","42 363066   "
"343","St. James at Porter Square","1991-2013 Massachusetts Avenue","1991-2013","Massachusetts Avenue","181-207","Complete","2021","42.3908","-71.1214","42 3908306590998   "
"712","Cambridge Crossing (North Point) - Building H","450 Water Street","450","Water Street","1A-200","Complete","2021","42.3722","-71.0714","42 372221   "
"673","Cambridge Crossing (North Point) - Building Q1","181 Morgan Avenue","181","Morgan Avenue","1A-192","Complete","2021","42.3721","-71.0765","42 372098   "
"679","MIT Kendall Square - 18 Hayward St/Building 3","238 Main Street","238","Main Street"," 47-84","Complete","2021","42.3621","-71.0847","42 362093   "
"707","Cambridge Crossing (North Point) - Building G","350 Water Street","350","Water Street","1A-201","Complete","2022","42.3727","-71.0724","42 3727179999999   "
"688","First Street PUD - Parcel C/85-121 First Street","20-22 Hurley Street","20-22","Hurley Street","10-33","Complete","2022","42.3679","-71.0786","42 367901   "
"722","101 Cambridgepark Drive","101 Cambridgepark Drive","101","Cambridgepark Drive","267.4-323","Complete","2022","42.395","-71.1448","42 39504   "
"708","Cambridge Crossing (North Point) - Building I/Park 151","151 North First Street","151","North First Street","1A-208","Complete","2022","42.3726","-71.0753","42 372599   "
"719","The Engine","730-750 Main Street","730-750","Main Street"," 70-22","Complete","2022","42.3628","-71.0956","42 36276   "
"379","First Street PUD - Parcel B, AKA 21 Charles Street","107-111 First Street","107-111","First Street"," 10-37","Complete","2022","42.3677","-71.0779","42 3676609999999   "
"705","50 Cambridgepark Drive","50 Cambridgepark Drive","50","Cambridgepark Drive","265D-58","Complete","2022","42.3944","-71.1439","42 394409   "
"719","The Engine","730-750 Main Street","730-750","Main Street","70-86","Complete","2022","42.3628","-71.0956","42 36276   "
"762","60 Hampshire Street","60 Hampshire Street","60","Hampshire Street","42-86","Complete","2022","42.367","-71.0935","42 3669874167605   "
"379","First Street PUD - Parcel B, AKA 21 Charles Street","107-111 First Street","107-111","First Street"," 10-35","Complete","2022","42.3677","-71.0779","42 3676609999999   "
"732","The Foundry","101 Rogers Street","101","Rogers Street","27-82","Complete","2022","42.3668","-71.0827","42 36681   "
"713","MXD Infill - Google Building","325 Main Street","325","Main Street","44-99","Complete","2022","42.3628","-71.0866","42 36276   "
"631","95 Fawcett Street","95 Fawcett Street","95","Fawcett Street","267F-284","Complete","2022","42.3923","-71.1464","42 3922809999998   "
"696","1 JFK Street/Abbott Building","24 Brattle Street","24","Brattle Street","160-57","Complete","2022","42.3733","-71.1198","42 373283   "
"622","MIT Kendall Square - NoMa Phase 4 Residential Tower","165 Main Street","165","Main Street","14-59","Complete","2022","42.3627","-71.084","42 3627385552   "
"379","First Street PUD - Parcel B, AKA 21 Charles Street","107-111 First Street","107-111","First Street","10-34","Complete","2022","42.3677","-71.0779","42 3676609999999   "
"734","Cambridge Crossing (North Point) - Building U","441 Morgan Avenue","441","Morgan Avenue","1A-209","Complete","2023","42.3707","-71.0725","42 370657   "
"723","New Volpe US DOT Building","220 Binney Street","220","Binney Street","44-71","Complete","2023","42.3657","-71.0856","42 3657429165363   "
"787","Cambridge Crossing (North Point) - Parcel I2 East","144 Morgan Avenue","144","Morgan Avenue","1A-211","Complete","2023","42.3723","-71.0761","42 3722998980712   "
"736","Moderna Science Center","325 Binney Street","325","Binney Street","31-20","Complete","2023","42.3671","-71.0887","42 3671409999999   "
"715","Nuestra, LLC Retail Cannabis","200 Msgr. O'Brien Highway","200","Msgr. O'Brien Highway","20-103","Complete","2023","42.3722","-71.0794","42 3721779999999   "
"786","Cambridge Crossing (North Point) - Parcel I2 West","124 Morgan Avenue","124","Morgan Avenue","1A-211","Complete","2023","42.3725","-71.0764","42 3725079621244   "
"723","New Volpe US DOT Building","220 Binney Street","220","Binney Street"," 29-49","Complete","2023","42.3657","-71.0856","42 3657429165363   "
"701","140-142 Prospect Street","140-142 Prospect Street","140-142","Prospect Street","88-54","Complete","2023","42.3686","-71.1012","42 3685699999999   "
"752","Charles Park Lab Conversion","130-140 First Street","130-140","First Street","11-146","Complete","2023","42.3664","-71.0773","42 36636   "
"753","Cambridgeside Redevelopment - 60 First Street","60 First Street","60","First Street","8-86","Complete","2023","42.3689","-71.0772","42 36889   "
"723","New Volpe US DOT Building","220 Binney Street","220","Binney Street"," 29-39","Complete","2023","42.3657","-71.0856","42 3657429165363   "
"630","97-99 Elmwood Street","97-99 Elmwood Street","97-99","Elmwood Street","183-130","Complete","2023","42.3981","-71.1286","42 3980549999999   "
"751","Charles Park Lab Conversion","124 First Street","124","First Street","11-146","Complete","2023","42.3668","-71.0766","42 36681   "
"721","30 Hampshire Street","30 Hampshire Street","30","Hampshire Street","42-99","Complete","2024","42.3663","-71.092","42 3662679999999   "
"782","Rindge Commons Phase 1","432 Rindge Avenue","432","Rindge Avenue","268B-45","Complete","2024","42.3938","-71.1403","42 3937911564183   "
"778","1 Canal Park","1 Canal Park","1","Canal Park","8-76","Complete","2024","42.3694","-71.077","42 3693579554561   "
"668","53-55 Wheeler Street","53-55 Wheeler Street","53-55","Wheeler Street","267F-286","Complete","2024","42.3912","-71.1446","42 3912109999999   "
"743","Schwartzman College of Computing","51 Vassar Street","51","Vassar Street","52A-31","Complete","2024","42.3618","-71.0926","42 3617509999999   "
"372","Alexandria PUD - 90 Binney Street","90 Binney Street","90","Binney Street","15-31","Complete","2024","42.365","-71.0802","42 3649674983998   "
"746","Ragon Institute","600-624 Main Street","600-624","Main Street","71-46","Complete","2024","42.3625","-71.0931","42 362476   "
"720","101 Smith Place","101 Smith Place","101","Smith Place","267.3-284","Complete","2024","42.3926","-71.1508","42 392639   "
"746","Ragon Institute","600-624 Main Street","600-624","Main Street"," 71-20","Complete","2024","42.3625","-71.0931","42 362476   "
"685","3-5 Linnaean Street","3-5 Linnaean Street","3-5","Linnaean Street","176-53","Complete","2024","42.385","-71.1201","42 384951   "
"403","Sullivan Courthouse Redevelopment","40 Thorndike Street","40","Thorndike Street","19-22","Complete","2024","42.3692","-71.0796","42 36922588   "
"744","MIT Graduate Student Dormitory","269-299 Vassar Street","269-299","Vassar Street","61-12","Complete","2025","42.356","-71.1037","42 3560469999999   "
"747","United American Veterans Clubhouse","1 Cedar Street","1","Cedar Street","191-118","Complete","2025","42.3976","-71.131","42 3975999999999   "
"806","300 Binney Street","300 Binney Street","300","Binney Street","30-41","Complete","2025","42.3661","-71.0905","42 366082   "
"744","MIT Graduate Student Dormitory","269-299 Vassar Street","269-299","Vassar Street"," 61-11","Complete","2025","42.356","-71.1037","42 3560469999999   "
"773","Alewife Park - Building 2","3 Alewife Park","3","Alewife Park"," 269-135","Complete","2025","42.3986","-71.139","42 3985846773868   "
"772","213 Harvard Street","213 Harvard Street","213","Harvard Street","88-63","Complete","2025","42.3675","-71.0988","42 367518165589   "
"717","Polish Club","747 Cambridge Street","747","Cambridge Street","36-116","Complete","2025","42.3724","-71.0891","42 37241   "
"773","Alewife Park - Building 2","3 Alewife Park","3","Alewife Park","269-131","Complete","2025","42.3986","-71.139","42 3985846773868   "
"790","Alewife Park - Building 3","5 Alewife Park","5","Alewife Park","269-131","Complete","2025","42.3985","-71.1379","42 3985301870652   "
"744","MIT Graduate Student Dormitory","269-299 Vassar Street","269-299","Vassar Street"," 61-13","Complete","2025","42.356","-71.1037","42 3560469999999   "
"771","116 Norfolk Street","116 Norfolk Street","116","Norfolk Street","89-28","Complete","2025","42.3668","-71.1","42 3668199774469   "
"776","New MIT Music Building","201 Amherst Street","201","Amherst Street","57-173","Complete","2025","42.3579","-71.0959","42 3578688554909   "
"785","Alewife Park - Building 1","1 Alewife Park","1","Alewife Park","269-132","Complete","2025","42.3986","-71.1399","42 3986363027138   "
"790","Alewife Park - Building 3","5 Alewife Park","5","Alewife Park"," 269-135","Complete","2025","42.3985","-71.1379","42 3985301870652   "
"744","MIT Graduate Student Dormitory","269-299 Vassar Street","269-299","Vassar Street"," 62-32","Complete","2025","42.356","-71.1037","42 3560469999999   "
"649","Acorn Holdings Concord Ave. Phase II","605 Concord Avenue","605","Concord Avenue","267F-299","Complete","2025","42.3892","-71.1449","42 3892019999999   "
"744","MIT Graduate Student Dormitory","269-299 Vassar Street","269-299","Vassar Street"," 54-28","Complete","2025","42.356","-71.1037","42 3560469999999   "
"754","Cambridgeside Redevelopment - 20 Cambridgeside Place","20 Cambridgeside Place","20","Cambridgeside Place","8-88","Complete","2025","42.3671","-71.0757","42 3671   "
"756","New Tobin School","197 Vassal Lane","197","Vassal Lane","260-80","Complete","2026","42.3841","-71.1397","42 38414   "
"781","Metropolitan Storage Warehouse","134 Massachusetts Avenue","134","Massachusetts Avenue","56-4","Complete","2026","42.36","-71.0961","42 3600466894074   "
"704","University Monument Site","1043-1059 Cambridge Street","1043-1059","Cambridge Street","81-101","Complete","2026","42.3732","-71.0949","42 37321   "
"690","MXD Infill - 290 Binney Street (Building C)","290 Binney Street","290","Binney Street","43-78","Complete","2026","42.3661","-71.087","42 366052   "
"704","University Monument Site","1043-1059 Cambridge Street","1043-1059","Cambridge Street"," 81-102","Complete","2026","42.3732","-71.0949","42 37321   "
"798","2 Garden Street","2 Garden Street","2","Garden Street","169-95","Complete","2026","42.3757","-71.1208","42 3757111755091   "
